max_depth,f1
2.0,0.0
4.0,0.5200251098556183
6.0,0.6348968906934501
8.0,0.6386873534992745
10.0,0.6651290499725425
12.0,0.6746498449695285
,0.6356062943535946
