{
  "accuracy": 0.7906750572082379,
  "balanced_accuracy": 0.8012586740882586,
  "precision": 0.5845132743362832,
  "recall": 0.8247658688865764,
  "f1": 0.684160552438498,
  "confusion_matrix": [
    [
      9858,
      2817
    ],
    [
      842,
      3963
    ]
  ],
  "roc_auc": 0.8751447764594328,
  "pr_auc": 0.7281464072627848,
  "log_loss": 1.0364687734010156
}