{
  "accuracy": 0.7735125858123569,
  "balanced_accuracy": 0.7912980602470717,
  "precision": 0.5592602970019613,
  "recall": 0.8308012486992716,
  "f1": 0.6685087498953362,
  "confusion_matrix": [
    [
      9529,
      3146
    ],
    [
      813,
      3992
    ]
  ],
  "roc_auc": 0.8658408421536573,
  "pr_auc": 0.6932890410732025,
  "log_loss": 0.46162506997746555
}