model,model_name,source,f1,precision,recall,balanced_accuracy,accuracy,roc_auc,pr_auc,log_loss,confusion_matrix
logreg,Logistic Regression,pipeline_eval,0.6685087498953362,0.5592602970019613,0.8308012486992716,0.7912980602470717,0.7735125858123569,0.8658408421536573,0.6932890410732025,0.46162506997746555,"[[9529, 3146], [813, 3992]]"
knn,KNN,missing,,,,,,,,,
dt,Decision Tree,pipeline_eval,0.684160552438498,0.5845132743362832,0.8247658688865764,0.8012586740882586,0.7906750572082379,0.8751447764594328,0.7281464072627848,1.0364687734010156,"[[9858, 2817], [842, 3963]]"
rf,Random Forest,missing,,,,,,,,,
