label,count,rate
0,50696,0.7250986898563991
1,19220,0.2749013101436009
