label,count,rate
0,12675,0.7251144164759725
1,4805,0.2748855835240275
