customer_type,count,cancel_rate
Transient,71986,0.3010585391603923
Transient-Party,11727,0.15238338876097893
Contract,3139,0.163109270468302
Group,544,0.09926470588235294
