hotel,count,cancel_rate
City Hotel,53428,0.3003855656210227
Resort Hotel,33968,0.23480923221855865
