label,count,rate
0,63371,0.7251018353242711
1,24025,0.27489816467572886
